Log_ID,Account_ID,Date,Active_Users,Errors
95e10bac-8b29-44d4-b9aa-c0b12f79e3f2,ACC-1000,2025-12-01,74,0
e754cefa-c505-4f27-a429-cc81c237de62,ACC-1000,2025-12-02,68,1
266e307e-ce0e-412d-8b8d-397e50b27f42,ACC-1000,2025-12-03,71,1
2cf7f64d-83d8-4912-9532-f9f0184177e1,ACC-1000,2025-12-04,65,1
c7f18178-162f-4418-9c0d-6bb8b23c686b,ACC-1000,2025-12-05,65,1
9b912fec-3719-4f50-95ac-e123f9b2f8e0,ACC-1000,2025-12-06,72,2
1df2bc09-0bbb-4b29-9b36-4f2af002ea2a,ACC-1000,2025-12-07,72,2
db265f29-79e8-4e5e-b66c-15788e1598d9,ACC-1000,2025-12-08,71,2
e7669943-41b8-42c2-b0a0-c2baac70e6ee,ACC-1000,2025-12-09,73,0
e3b8c4a8-c09b-4764-b7ea-620c497afc1e,ACC-1000,2025-12-10,69,1
00e6cd55-8796-4401-96df-a6a82398c076,ACC-1000,2025-12-11,76,2
a7afbd62-76e3-40ee-bd67-f79fec3dfbc2,ACC-1000,2025-12-12,72,0
993ca7c5-41c6-4757-b834-c93b1c337959,ACC-1000,2025-12-13,72,0
a17e336c-5318-462f-9397-c847c45881e5,ACC-1000,2025-12-14,66,0
54146546-d086-4339-8a6a-f1ba2eefc301,ACC-1000,2025-12-15,74,1
c9fe4fc7-4c5f-4c2f-bfd4-dc953309ebeb,ACC-1000,2025-12-16,66,0
754bd289-2301-4f77-8200-092d98a6ed53,ACC-1000,2025-12-17,75,2
e1900ad1-0006-4072-b9be-e5dd3bc35e12,ACC-1000,2025-12-18,75,1
e7e86d61-db0e-4ee6-a8ce-8a01f7fda208,ACC-1000,2025-12-19,65,1
d1751cff-b361-4912-a913-958de15bf795,ACC-1000,2025-12-20,68,2
d69d857b-371c-4436-917c-343e95d4154a,ACC-1000,2025-12-21,69,1
4ed47d83-6585-4493-a11c-0daeda5f75bb,ACC-1000,2025-12-22,64,2
24449c22-419c-4ab3-b511-15a2ed44238e,ACC-1000,2025-12-23,70,1
e53c4ddd-42f3-4235-9947-b27e86d57fe6,ACC-1000,2025-12-24,73,1
5fde1d83-0809-4980-9e78-9291ec885553,ACC-1000,2025-12-25,75,1
c283b9af-495f-4833-ba93-64fb04c7240c,ACC-1000,2025-12-26,68,0
d33ab5d7-7ee0-478e-ba8c-1d020959c891,ACC-1000,2025-12-27,35,15
2a5530ab-a8b2-4ce8-89cb-46e45bfab188,ACC-1000,2025-12-28,35,20
b9461403-84b3-438f-a841-c2ae9c681c4d,ACC-1000,2025-12-29,35,18
b8add518-9f4c-42b6-b531-be933cdb96b6,ACC-1000,2025-12-30,35,18
ac8736db-c35a-44f3-b5ef-96042c409ad6,ACC-1001,2025-12-01,169,2
e8e1c973-deb3-4667-b7bd-321114042b76,ACC-1001,2025-12-02,181,0
5f41b402-2982-4266-94a1-1061bc3e03d1,ACC-1001,2025-12-03,175,0
0be719e9-2432-4056-8035-58755f7c82b6,ACC-1001,2025-12-04,175,2
62bca74b-99ec-4e0f-8cbd-a395ad8d79c5,ACC-1001,2025-12-05,177,2
9db76b17-02bd-4de9-b8ff-29b1897f6ff1,ACC-1001,2025-12-06,163,1
e5209499-18b9-4055-a88b-0a97bf975cda,ACC-1001,2025-12-07,166,1
067cba27-ee5a-468e-9517-6e9f9055d9c7,ACC-1001,2025-12-08,152,2
f110e606-45e1-49eb-82fd-8194499860ce,ACC-1001,2025-12-09,181,1
113808cc-1674-4fe2-8f6e-2d76e584f5f2,ACC-1001,2025-12-10,184,0
cd1b97e3-bb9f-4772-8b1d-1093d7b4a8f0,ACC-1001,2025-12-11,169,0
3afe6946-d125-4e19-b293-76fcf1a419e8,ACC-1001,2025-12-12,181,1
b38ad89a-85b5-4aad-a812-6b2cf437d9e3,ACC-1001,2025-12-13,180,2
e7fed27a-bfd8-4a12-8b64-11f303531cbe,ACC-1001,2025-12-14,172,0
301a7e30-2ce8-44f4-869b-37978913f9c2,ACC-1001,2025-12-15,164,0
3095d2f4-0251-41d6-81f7-66dd961cd4b3,ACC-1001,2025-12-16,170,2
d484eb59-9c10-4091-ab49-44a2f991ed32,ACC-1001,2025-12-17,183,2
c2f4003c-41a1-443a-ac97-95448bf1ab93,ACC-1001,2025-12-18,163,0
22a6865c-771c-4848-854b-d75b31de1e42,ACC-1001,2025-12-19,155,1
5f345ea8-37e2-4d7a-a061-f6b8e1ee715a,ACC-1001,2025-12-20,181,1
a5828e1c-8956-4079-aefd-66de16313c88,ACC-1001,2025-12-21,160,0
c2f6c92b-bb4a-4898-b72f-75c06a14ad59,ACC-1001,2025-12-22,181,0
ae290135-cb31-4431-a522-bcf48921904f,ACC-1001,2025-12-23,154,1
ad3ac200-d7c6-4ac3-9aef-4a2f9048e317,ACC-1001,2025-12-24,179,2
2d05a0ee-f98c-416b-bdb4-933ea333ce87,ACC-1001,2025-12-25,177,0
3c46a272-b1a2-43b3-a014-3e5a4e6e3691,ACC-1001,2025-12-26,174,2
474c6a3e-7a4e-4f11-b15b-1a8c6a2e15b6,ACC-1001,2025-12-27,157,2
e2d78aa5-e687-410b-b5b6-16626a529ff4,ACC-1001,2025-12-28,181,1
08bec956-4ee7-4a22-871d-f904eccfc02d,ACC-1001,2025-12-29,184,2
c7ec8672-596e-44b1-9a64-39cd7717bb37,ACC-1001,2025-12-30,177,2
623d43fd-2651-499f-ab45-5fc5e41546cc,ACC-1002,2025-12-01,105,1
56c2a379-7e1b-434d-aaf6-55e004cb3f4d,ACC-1002,2025-12-02,111,2
41ff89d2-ae8c-430c-a5d9-7c9b1cb59a80,ACC-1002,2025-12-03,98,2
3de2941f-ba16-4034-8ae8-e647ef65e858,ACC-1002,2025-12-04,100,0
e74939d8-76a9-4ce1-ba3b-c1863232215b,ACC-1002,2025-12-05,95,1
1a0c35af-8b08-4dec-bc07-8d43ce0293a2,ACC-1002,2025-12-06,91,2
c85f4065-d958-4757-965a-6aa94d4e18dd,ACC-1002,2025-12-07,95,0
664f67ce-5159-4819-be02-454715025e6b,ACC-1002,2025-12-08,91,2
73d8ea24-297d-4bf3-971c-2281e895bf2f,ACC-1002,2025-12-09,103,0
008a9ccc-dac5-4c84-aaa6-19c9b2a49ed4,ACC-1002,2025-12-10,92,0
d2f8c980-15df-4873-9275-bb66731a553a,ACC-1002,2025-12-11,108,0
d0a7713d-628e-4182-87f2-a055e7f89d66,ACC-1002,2025-12-12,101,1
a6dfa47e-8ce7-4374-b8e0-1cdaf8295948,ACC-1002,2025-12-13,104,0
b84abd0b-a524-4f0a-bb33-5ec1646cf4c1,ACC-1002,2025-12-14,101,2
5c040552-d9d1-45e0-94b2-15e9102c75b0,ACC-1002,2025-12-15,109,2
d2b89e37-d98a-4f80-8aaa-654214a87fba,ACC-1002,2025-12-16,102,0
9cc9f322-ff8c-4ac8-bb14-0ba53322e047,ACC-1002,2025-12-17,106,1
32cf56c3-515d-43c4-9f01-db1514df8e5e,ACC-1002,2025-12-18,94,0
892c440a-242a-438c-86a9-90ace659348e,ACC-1002,2025-12-19,104,1
f0b42655-812a-4b83-87f4-90909fc2702e,ACC-1002,2025-12-20,99,1
5e4b4863-7362-4096-9488-7b0790caa07c,ACC-1002,2025-12-21,108,0
e68a747b-9a40-4d7d-97aa-0ad55b3f0c6d,ACC-1002,2025-12-22,104,2
ecc0a2f5-6775-4382-80a3-9ad849f34b9f,ACC-1002,2025-12-23,92,1
12a06fbd-1e72-4025-8375-0dd36070de2f,ACC-1002,2025-12-24,105,0
a11c759f-70b8-4f8b-9ec6-c0b56f8d6cc3,ACC-1002,2025-12-25,95,0
c85a9938-4a85-44a0-9401-269597dc3575,ACC-1002,2025-12-26,101,0
2d10030a-5cc2-44d2-b909-7b0cd40e0185,ACC-1002,2025-12-27,99,1
6b889e64-87de-4067-a943-acb56c3c550b,ACC-1002,2025-12-28,100,0
f5e369fe-0baf-4853-b19d-3d7b9aed9ec8,ACC-1002,2025-12-29,99,2
d8924b0b-4fb4-4e8d-889b-c43c1b970e01,ACC-1002,2025-12-30,92,2
8e13b415-9c51-4295-bdcd-e267a916516c,ACC-1003,2025-12-01,200,0
82dfebe7-6b28-4dbd-9130-4da48aa45006,ACC-1003,2025-12-02,204,0
4e6dc367-a4ee-4af4-bf90-6b99c590b1e2,ACC-1003,2025-12-03,175,1
5a8e2ea5-9ed3-4a0a-8caf-63c5f8073bba,ACC-1003,2025-12-04,187,1
d9247c73-96ac-43a9-aacc-d4d9a0e4f733,ACC-1003,2025-12-05,203,0
c3f0f237-2690-412f-9bee-ad5b294efaf0,ACC-1003,2025-12-06,183,1
9511ad99-e744-42e0-bb81-3697d92b9292,ACC-1003,2025-12-07,179,1
e197d711-b32e-41a6-bf8a-524a0d7a3095,ACC-1003,2025-12-08,179,2
dd3bbb8e-ab43-4331-9205-2f12331b876e,ACC-1003,2025-12-09,205,2
37bd45fd-9f50-4365-9a08-8180e082e070,ACC-1003,2025-12-10,194,1
aa3cebef-b769-4120-8abf-4d570c04c5f8,ACC-1003,2025-12-11,175,1
01671860-e621-4a3e-ac7e-e6e5cee90c95,ACC-1003,2025-12-12,177,0
36f7cc74-9bab-4029-aab4-7a0b147800d7,ACC-1003,2025-12-13,190,2
24d14438-3417-4dde-b6e2-3084a94a6752,ACC-1003,2025-12-14,171,1
9aa3f2ca-7e2d-4476-b9bb-97fa39b6f857,ACC-1003,2025-12-15,171,2
3bad527a-846a-481c-aec0-13ed0a6500e0,ACC-1003,2025-12-16,187,2
34eaaaf4-5b44-4729-b54f-1c5ee8d46dfa,ACC-1003,2025-12-17,175,2
99036718-5d93-4fa8-8154-66d5db7bc0ec,ACC-1003,2025-12-18,172,0
1d982941-1de7-4f2d-ac16-bae2ec3345c4,ACC-1003,2025-12-19,171,0
1490ae9f-6e6c-4367-bcaa-ee9372e6f1c9,ACC-1003,2025-12-20,194,0
34ed6120-db66-44e8-ada0-02676a89151d,ACC-1003,2025-12-21,184,2
7222a689-6fca-4e9a-8886-478367e51d1f,ACC-1003,2025-12-22,178,2
4c84e185-b075-4b8e-ad33-f7c3227a09b4,ACC-1003,2025-12-23,170,0
c9b60c9b-64f7-45eb-91c2-4634e42d6756,ACC-1003,2025-12-24,184,2
6fd63aa4-669d-4d0c-9b19-b634cf40dbee,ACC-1003,2025-12-25,190,1
ce8845b6-3fd6-498e-886a-8ac4d5e4363e,ACC-1003,2025-12-26,204,0
a540fd03-3a82-4b86-bbce-74cf02e372df,ACC-1003,2025-12-27,194,1
e0677aba-9cc9-4f63-aba4-18442704b3ba,ACC-1003,2025-12-28,178,1
db3eae77-3906-407e-9d82-175fbd3bfe05,ACC-1003,2025-12-29,174,2
5a8646df-0d8d-4dbe-a4ee-470f390486c6,ACC-1003,2025-12-30,180,1
baf95e5e-23b5-47db-b823-74cf5551af48,ACC-1004,2025-12-01,61,2
ce4c02d6-a377-423f-a1ed-b3977271f195,ACC-1004,2025-12-02,74,0
46fb8017-1e43-46bd-ac08-65974d2b3566,ACC-1004,2025-12-03,62,0
837e461e-e618-409f-99ac-fed90aaf442b,ACC-1004,2025-12-04,68,0
4431a5be-ef6c-4cac-af04-fdc4ffbfcb5d,ACC-1004,2025-12-05,73,0
d6fd010b-a68b-4253-958f-9d6fcd863d26,ACC-1004,2025-12-06,73,1
728e8de3-5d3b-4a8c-9aed-d29eb09831ba,ACC-1004,2025-12-07,65,1
503421af-5595-43e1-86fe-e22aa84a5873,ACC-1004,2025-12-08,72,2
92108654-b03c-43dd-b619-651734a87931,ACC-1004,2025-12-09,65,2
1926c526-a61e-4385-98c8-4ba7c8930efe,ACC-1004,2025-12-10,68,2
eaafb15c-f906-4981-942b-83a07d4cbf21,ACC-1004,2025-12-11,72,1
02381566-230f-4fa7-be3b-946737dc38c8,ACC-1004,2025-12-12,73,0
24cca411-09d8-463e-ab29-43e6b213ed6e,ACC-1004,2025-12-13,73,0
3518aadf-db07-4633-b604-74c889902d2d,ACC-1004,2025-12-14,64,0
9c808603-358c-4b32-b9c2-ab5906150a88,ACC-1004,2025-12-15,71,0
16e9aa19-0793-41c6-9ad1-c8292651460d,ACC-1004,2025-12-16,64,2
0484c634-5bd3-4997-9e08-9650384a859b,ACC-1004,2025-12-17,64,1
486fc929-8573-4dbd-8f0b-b3a38ca0666d,ACC-1004,2025-12-18,63,2
bd21a8e5-78d8-4d34-b587-7903fb3bde04,ACC-1004,2025-12-19,72,2
7819a12f-f928-4370-a1f5-439afdc482c6,ACC-1004,2025-12-20,67,0
bd875b78-8be9-418c-a638-606d010430fc,ACC-1004,2025-12-21,62,1
44a95522-43e6-488d-9e9c-2ef121eccfcd,ACC-1004,2025-12-22,72,0
8d4ba5a7-183f-43ec-9d0c-e8d3d872b99f,ACC-1004,2025-12-23,61,0
5c7e1920-4c24-44ec-8f00-3926b283ef98,ACC-1004,2025-12-24,69,1
df5ab771-ec7b-4367-afb1-e2ddda487c44,ACC-1004,2025-12-25,63,1
f9f4ddea-58aa-4a0c-94c9-34f005c0ed14,ACC-1004,2025-12-26,68,1
ea2ff620-7fb0-45bc-8f88-29cb1bb95a22,ACC-1004,2025-12-27,68,0
437a8105-109e-4079-b8c7-9fead14f4346,ACC-1004,2025-12-28,62,2
49bb8dbe-9a50-4659-83a2-2d260ddd41f5,ACC-1004,2025-12-29,73,2
95bc92bf-284d-41c9-96a4-58bfa4486343,ACC-1004,2025-12-30,61,1
1585dcff-7048-4e3f-8188-90433036c270,ACC-1005,2025-12-01,201,1
00785a64-fc98-461a-a4a1-68642813bd62,ACC-1005,2025-12-02,184,1
d23d7afe-6773-40fc-851f-5221a91b7702,ACC-1005,2025-12-03,193,0
cfe4f86e-c904-497d-bded-ea51bcc4ccfb,ACC-1005,2025-12-04,214,0
778676e3-560c-4faf-aa6a-deef6436be3c,ACC-1005,2025-12-05,206,2
fb051b87-13b2-43cd-a84f-031cfeb40253,ACC-1005,2025-12-06,183,2
d453c813-c0e5-4f08-8591-eb5a1e9c1e41,ACC-1005,2025-12-07,214,1
2af48cec-71f7-4f4a-bd07-5841fbfbc303,ACC-1005,2025-12-08,217,2
94fb1106-b4fb-40b5-a540-ef78c608c9bf,ACC-1005,2025-12-09,185,0
c3e2b3c3-023a-43ff-83eb-d682aea21850,ACC-1005,2025-12-10,213,0
7e717ea9-4d30-4702-94dc-c9e5410542a9,ACC-1005,2025-12-11,214,0
67947809-8df6-46d2-9f7b-ada12155c3e5,ACC-1005,2025-12-12,186,1
70661631-fc7c-463d-98f3-9f50333fbce8,ACC-1005,2025-12-13,210,1
ce920aa6-3bdb-45c8-8b0e-b7602c1b3eba,ACC-1005,2025-12-14,211,2
8b343b25-e06c-4d8e-80d1-5de7d64200d9,ACC-1005,2025-12-15,211,1
a22c85b3-47a0-4525-8d72-2029ba930071,ACC-1005,2025-12-16,185,2
928eda3a-bb50-4ad9-b091-ba63253064ba,ACC-1005,2025-12-17,183,0
b873a090-b3b2-4af3-85e0-1862db472774,ACC-1005,2025-12-18,213,0
fe85af7b-b27b-4393-887f-802d0fe97043,ACC-1005,2025-12-19,187,1
5a0b554b-167a-432a-84d9-4f91ae3a09d0,ACC-1005,2025-12-20,193,0
5173b2ff-4a6b-41c4-b428-4e5008d884ab,ACC-1005,2025-12-21,187,2
dad6d986-c810-44c0-af0c-94f49f5c43dc,ACC-1005,2025-12-22,186,1
47eaf36c-8cfb-4607-8603-39e0a3de30f6,ACC-1005,2025-12-23,190,0
f4b5156d-4fad-43a2-93da-5060c9df5112,ACC-1005,2025-12-24,217,1
f24c5af9-3e70-46fb-a7cd-54f01ab09dd1,ACC-1005,2025-12-25,193,2
edb38634-0369-41fa-95d6-092fc9166897,ACC-1005,2025-12-26,195,2
22788f5d-9d42-4f09-828a-f38e37486396,ACC-1005,2025-12-27,192,0
c9bcc6c9-11cc-4e08-a101-9d0f548d1550,ACC-1005,2025-12-28,183,1
fc9857aa-2f12-4cd8-8396-9a6d6616279a,ACC-1005,2025-12-29,186,1
abe56701-4596-4b4c-8405-54615a5ab3d4,ACC-1005,2025-12-30,180,2
05490a3e-3216-427e-9966-9a01afe9e80f,ACC-1006,2025-12-01,156,1
1279fe7a-c18b-4197-9960-451d068a5f48,ACC-1006,2025-12-02,158,2
1117c2ab-6043-4d21-9cac-b54119e1f7e4,ACC-1006,2025-12-03,148,2
abb6e5ae-3ce3-4ee7-a344-623860ed73d5,ACC-1006,2025-12-04,151,0
35c000e2-dc59-4b1d-8524-ce5cd206f382,ACC-1006,2025-12-05,167,0
34e20881-b228-4f03-9cbb-0b0effccd34d,ACC-1006,2025-12-06,161,2
3719874f-749b-4c34-8f32-529ce35f1874,ACC-1006,2025-12-07,167,2
f83c28df-fdb7-4dff-a7b7-ae08368a4977,ACC-1006,2025-12-08,168,0
e39dcbf9-8fc4-4370-8cb2-b482edecbf3f,ACC-1006,2025-12-09,156,0
a2a87279-15b1-41c6-8798-50ca4ab21ef5,ACC-1006,2025-12-10,175,1
0dd61266-f655-4cfe-85d6-78bdbe917779,ACC-1006,2025-12-11,164,2
39c040ff-311a-4291-aa2e-76b04b4c75bd,ACC-1006,2025-12-12,172,2
3eb9db07-69e0-423a-bc04-5d975c395489,ACC-1006,2025-12-13,173,2
1ddb862e-503b-478e-9058-c9f97b6d7e64,ACC-1006,2025-12-14,154,1
f1306b46-910a-4798-b8d5-b25ddc0d2737,ACC-1006,2025-12-15,155,2
37299bb3-22c7-49dd-881a-acb21d9b6512,ACC-1006,2025-12-16,154,0
c4f65300-c21d-44bc-aedf-724ec976dd90,ACC-1006,2025-12-17,151,2
23a9d1e2-e8d3-44d8-99ca-6965157030da,ACC-1006,2025-12-18,175,2
45190870-ccd8-4102-ad16-66d153057d03,ACC-1006,2025-12-19,168,0
91c16b0b-442f-437c-b7d2-c3e596617e54,ACC-1006,2025-12-20,164,1
a8735550-5ca6-4d8d-8abc-e6643a4e5664,ACC-1006,2025-12-21,157,0
c5756112-b599-43a0-a584-1c7030e26e59,ACC-1006,2025-12-22,154,0
9ea5135b-f61f-4865-ae8f-a90fac7b89e4,ACC-1006,2025-12-23,158,2
983d7540-bae2-4f5a-8714-353cbf79da87,ACC-1006,2025-12-24,164,1
273fd2d4-b431-43a4-8b41-9d89d9c244ef,ACC-1006,2025-12-25,159,1
3acc4c29-5822-442a-8351-a8d8340732d6,ACC-1006,2025-12-26,166,2
0fbe3635-62d0-41da-98e0-e0bd934f727c,ACC-1006,2025-12-27,160,2
586d8cf7-76ae-4837-82b2-1c6d8bdd0e13,ACC-1006,2025-12-28,150,0
87167e43-f39c-4b4b-9a35-998f7b3a9d15,ACC-1006,2025-12-29,154,2
862ad4ec-08cc-4c2c-a646-c3a8a6583cf3,ACC-1006,2025-12-30,165,1
035620a8-9cb2-45e5-be6f-2e6a2741b613,ACC-1007,2025-12-01,77,0
ac347c2d-a5c0-494a-82a4-4ce1a2a20f7b,ACC-1007,2025-12-02,75,0
2b82dcff-af98-4a16-9b7d-f9bf3f1eb925,ACC-1007,2025-12-03,77,0
a26b6d68-060b-44c4-a654-a27134918b5d,ACC-1007,2025-12-04,66,0
d6c8f73f-910d-4bee-b742-56ea044c7ffb,ACC-1007,2025-12-05,80,2
c1053954-2192-4291-8c84-075f767d991d,ACC-1007,2025-12-06,78,0
69283f14-b435-4a46-985a-d5a26bcbfe49,ACC-1007,2025-12-07,72,2
a49bb049-280f-455b-8a58-c53492bf77da,ACC-1007,2025-12-08,74,2
090aceac-20e8-4c40-bd44-02202231bc0c,ACC-1007,2025-12-09,75,1
f87a9dc0-e9fb-416c-937e-33ac92053f9a,ACC-1007,2025-12-10,71,0
bba34330-90e1-48f6-8778-b7cc7c3ec061,ACC-1007,2025-12-11,75,0
41508f8f-a83b-4370-a904-fc8ad33ab8bc,ACC-1007,2025-12-12,78,0
9f7b0f7d-bd48-429a-9114-f048bc0f8b60,ACC-1007,2025-12-13,77,0
0f6d907b-58b9-4790-a708-8f61d8f45190,ACC-1007,2025-12-14,68,2
ea19f808-d7db-4493-8f1d-0c0e072f62f2,ACC-1007,2025-12-15,73,0
3d1874e6-6013-4f29-ad81-097e16a4ce2b,ACC-1007,2025-12-16,73,0
3238fc5f-df08-4714-aa3e-ebb900a5d5b3,ACC-1007,2025-12-17,72,1
5518926c-cebd-4286-8b86-fd6fe6ceb734,ACC-1007,2025-12-18,75,2
9a39e9ab-2633-401b-86e2-161a110ca285,ACC-1007,2025-12-19,74,1
a9bd3d17-a87b-4544-b3b6-377cba8c7acc,ACC-1007,2025-12-20,74,2
5bca94c7-6d74-4bbd-8d70-17df21224dfc,ACC-1007,2025-12-21,78,1
22c3f0ac-f981-4c4f-b97f-83491fafcc55,ACC-1007,2025-12-22,77,2
3a0a087b-df74-41c4-a448-3f2e095c5cbd,ACC-1007,2025-12-23,72,0
53afd614-3789-4b19-b42f-2f12148ad06d,ACC-1007,2025-12-24,76,1
10126474-e0b5-4aa2-920a-323ace341fc1,ACC-1007,2025-12-25,72,0
33412f7c-3553-41ad-bf8a-f8133455a66b,ACC-1007,2025-12-26,77,1
908c4207-3976-401d-accc-16bdfb4245e2,ACC-1007,2025-12-27,76,2
db899c39-2425-4580-852d-4306b464fb1e,ACC-1007,2025-12-28,72,0
a9b59428-8f1a-4480-9df9-7b2d0aa78094,ACC-1007,2025-12-29,69,0
2c3b9370-2348-4ef6-aa79-3d7a4e555ef8,ACC-1007,2025-12-30,76,0
5898f9e4-101e-41a8-a486-506cd101b162,ACC-1008,2025-12-01,115,2
b6ad2f9f-2d06-4ac4-80b4-022f1301275f,ACC-1008,2025-12-02,109,0
39c5dd99-54be-4078-bab1-54543d66f85e,ACC-1008,2025-12-03,112,2
11157520-2a13-4687-84f0-3ce6e78547ca,ACC-1008,2025-12-04,110,0
7a9c2791-1424-481a-a7de-92393f7c5db4,ACC-1008,2025-12-05,108,1
a7bb7063-331f-488e-be83-2cd8b30354e3,ACC-1008,2025-12-06,114,1
b3b244a6-5525-4012-870e-3aa05b49ec74,ACC-1008,2025-12-07,116,0
034ad336-2007-48ba-9d03-15192f6c2ee7,ACC-1008,2025-12-08,126,1
10d689af-42f3-4b4d-bd13-6cfd1a74a091,ACC-1008,2025-12-09,128,2
c86d7da1-65a2-450b-a2f9-56ea802d3e23,ACC-1008,2025-12-10,129,0
eded8e97-de80-4a2c-863d-198e8e44b9cb,ACC-1008,2025-12-11,127,2
da0d67d2-b307-4f27-a8bf-883941276cb8,ACC-1008,2025-12-12,116,0
94bc568e-5d39-4550-81fc-2582d68d1aec,ACC-1008,2025-12-13,129,1
786f8649-fe15-424b-b231-77411fb018c1,ACC-1008,2025-12-14,125,1
0465c5ba-56a6-4ac1-80c0-1a6c76316edb,ACC-1008,2025-12-15,119,2
187f22ef-7006-40f7-a9d3-d3114a7a7c0b,ACC-1008,2025-12-16,120,2
59fe6d96-79ef-49b0-b562-c89b3f2b3227,ACC-1008,2025-12-17,128,1
2b61ef54-85c9-4b2b-ab54-316311d20f8b,ACC-1008,2025-12-18,112,1
9f44e3ab-1c01-42a2-bab4-03ca2528e0c1,ACC-1008,2025-12-19,118,1
b956ac91-ecde-4843-aee8-eaf56d79e26c,ACC-1008,2025-12-20,115,2
44ecded8-099c-4399-8664-558c825685a6,ACC-1008,2025-12-21,126,2
c083a099-c240-44ca-97f7-06567ea94cd4,ACC-1008,2025-12-22,111,1
cc994759-c360-4025-93bc-8231a16f5991,ACC-1008,2025-12-23,128,2
ff6e9c5b-f8ab-4f5c-849a-6d2e056ac49f,ACC-1008,2025-12-24,119,1
a6f780de-5ff2-43c3-b0ea-e08c217015ae,ACC-1008,2025-12-25,121,2
dbec3cc8-0f87-4033-b302-ff5be7fc8a61,ACC-1008,2025-12-26,107,2
9bc222c0-af8d-4901-b2cb-d7f554cd9a4d,ACC-1008,2025-12-27,117,1
7cc0a5bf-31fd-4142-ae48-2ea6235b963f,ACC-1008,2025-12-28,111,1
560f390f-bde0-4d43-b611-87fee4797f98,ACC-1008,2025-12-29,116,0
5f4ee835-d9a6-428d-a38b-07b0cb9a30ed,ACC-1008,2025-12-30,117,1
97ef2b70-e214-499f-ab2d-6d18891b9812,ACC-1009,2025-12-01,140,1
f7cd3982-2b91-4663-9e12-f7d4c537ced1,ACC-1009,2025-12-02,139,0
ff37ba8b-5bc1-410c-9a32-f76adcfc135f,ACC-1009,2025-12-03,146,2
8b553c8c-707c-4599-8bc8-f8989da1d4ca,ACC-1009,2025-12-04,148,1
146f2151-989a-4f15-a763-845ff9d30940,ACC-1009,2025-12-05,138,0
6082db35-ba9c-47f6-8596-92788fac0c80,ACC-1009,2025-12-06,155,2
d7b3a90f-332e-4f65-b4e9-f17a7e037119,ACC-1009,2025-12-07,133,0
3c2e196f-e994-4e5f-b11f-5831240ac6af,ACC-1009,2025-12-08,160,0
8067d273-bf32-45ca-9883-b68862a02120,ACC-1009,2025-12-09,156,2
d4705121-b7e3-4332-be42-8294118cb0b7,ACC-1009,2025-12-10,136,0
e93f6f95-09b6-425d-9872-b9d91d3c0ee7,ACC-1009,2025-12-11,146,0
78d7be79-0852-47c0-898f-9ff7b2e63b3f,ACC-1009,2025-12-12,148,0
d208e068-6dff-487f-b55c-4c1bebd6ebb9,ACC-1009,2025-12-13,145,1
99416353-59cd-41ba-807c-2fc2a24b1867,ACC-1009,2025-12-14,154,0
61b31447-309b-4b2d-aadd-38f7632b9205,ACC-1009,2025-12-15,150,2
69d9d7e9-12d4-46ae-9371-b583fbb16ac4,ACC-1009,2025-12-16,153,0
c299024d-98b2-4c26-81cf-51807ce42234,ACC-1009,2025-12-17,160,0
93f9a27c-df79-4256-977a-178c1a7062e2,ACC-1009,2025-12-18,149,1
a18e016d-c8c7-443c-8cc2-66726a6f9f52,ACC-1009,2025-12-19,149,1
729b2d2f-998a-4717-999c-e9ce2a48484a,ACC-1009,2025-12-20,143,2
eb22f508-8908-4da5-96cc-c169fd7e1f92,ACC-1009,2025-12-21,138,2
8af28c46-3224-43e8-adb4-8173897de6e9,ACC-1009,2025-12-22,152,2
3b84f378-fcb1-4f03-87cf-ef32784d10c2,ACC-1009,2025-12-23,139,2
70aedf80-5445-422c-a87d-1a6f976e0d6c,ACC-1009,2025-12-24,155,2
5a0a87a4-f218-4ccb-969e-15664e3ef373,ACC-1009,2025-12-25,149,0
d0fa6c4d-7b83-4771-bd47-7f43d978be3e,ACC-1009,2025-12-26,155,2
f2bab7d7-d0eb-4741-be76-90cb2e88853e,ACC-1009,2025-12-27,155,1
5efa3320-e9dc-47b1-a14a-f4c75b10f3eb,ACC-1009,2025-12-28,147,2
51934eff-801a-4941-80c9-bb86ee343a47,ACC-1009,2025-12-29,143,2
6d51a0dd-7ab2-42d2-939d-a3022c42751b,ACC-1009,2025-12-30,151,0
3aa733f0-00e6-4d86-b22f-45bd880e8f01,ACC-1010,2025-12-01,167,0
72f4fbf8-03ac-489f-991d-298ec5ca72dd,ACC-1010,2025-12-02,154,1
dc6b1376-ade1-4929-a566-19719f5531f9,ACC-1010,2025-12-03,161,1
7eeabb47-475c-40f9-9387-ae15013e6248,ACC-1010,2025-12-04,163,1
ffc15ddd-5c01-4f0c-96b9-117ace296eb4,ACC-1010,2025-12-05,146,2
45915532-538b-43d9-8f34-8418bc89c2d9,ACC-1010,2025-12-06,171,1
3aac16c2-27e0-4f0d-98a7-621c349ade6b,ACC-1010,2025-12-07,160,2
12ae52b1-e58f-4d32-b254-d5cec774c07a,ACC-1010,2025-12-08,165,1
bcaf0101-ed15-416c-b51c-5a31b7e177dd,ACC-1010,2025-12-09,154,2
fe80ca1c-8119-43ec-bc1b-68cf23e55a58,ACC-1010,2025-12-10,159,1
ba1c3eaf-81e9-4860-b4bf-b1beaba1265f,ACC-1010,2025-12-11,168,0
7f4f0435-9ca6-40a9-8d50-daa51dab0d38,ACC-1010,2025-12-12,150,1
724182c3-6322-4632-94f5-5f5a6ffbe74d,ACC-1010,2025-12-13,148,1
6af1401d-17b0-496d-a2f9-fb2ebe7929dd,ACC-1010,2025-12-14,159,2
bb5277ea-c207-4658-af46-cf8de65b947d,ACC-1010,2025-12-15,153,0
fb4483de-8b41-4bf7-9507-98524c6a3c08,ACC-1010,2025-12-16,156,1
1c65febb-ea63-4586-892f-aa98245f67f8,ACC-1010,2025-12-17,147,0
56586272-af98-48ba-8721-4e682db162cf,ACC-1010,2025-12-18,152,1
b0407f4d-2b3a-4763-841c-894c8d259d54,ACC-1010,2025-12-19,151,2
9dd38855-7a85-4396-b47a-d5fc4ffbaf31,ACC-1010,2025-12-20,163,1
95096fd3-47c6-4685-992f-5dfef98ca842,ACC-1010,2025-12-21,158,2
9403dde5-6250-4e22-a723-c6d164c6917d,ACC-1010,2025-12-22,171,0
22589333-e7a2-4d9e-8516-d9d1bdacfb5a,ACC-1010,2025-12-23,148,1
6704a7fd-f9ff-4940-8736-00a94c7d9055,ACC-1010,2025-12-24,156,0
72a95e83-2149-4b79-b4d4-7387e1042da5,ACC-1010,2025-12-25,162,2
746c8c57-50ba-4906-a078-e47fe5063da8,ACC-1010,2025-12-26,163,1
8cfd8bae-c7a8-40d4-a7f1-ac7ec4c37b4f,ACC-1010,2025-12-27,166,0
7add1822-a8fd-4aa4-a892-8c15bed4623d,ACC-1010,2025-12-28,150,1
9d9acbf4-08fd-4285-8a48-70c9ee068aa8,ACC-1010,2025-12-29,163,1
beceecef-7bf0-4ad3-9ca8-55fb0532ff61,ACC-1010,2025-12-30,162,1
55be3bb2-0cb4-4388-a0a0-8194c6fbc0dc,ACC-1011,2025-12-01,172,1
131b0d8f-bc8f-448c-8981-be8ad44e9239,ACC-1011,2025-12-02,168,2
a5862e48-e569-4c27-8824-0e7d196a9dd1,ACC-1011,2025-12-03,172,1
5edee2d5-06bb-4bd7-8a19-dd9c7d8fbd0d,ACC-1011,2025-12-04,177,1
07faef1e-8849-4130-9b90-6c5001462163,ACC-1011,2025-12-05,164,0
c6faec99-5624-4856-8c73-cc4eab9178fc,ACC-1011,2025-12-06,158,0
909b3a7b-2ad7-423e-9389-0cdc235fdfff,ACC-1011,2025-12-07,164,2
071b8b8e-099f-4686-91de-71fd74cbd215,ACC-1011,2025-12-08,172,2
905cec65-4402-4ef2-9cd7-ec396fb1dfcd,ACC-1011,2025-12-09,160,0
c037d6f0-3b39-4d45-a2f4-5bdb95cc510b,ACC-1011,2025-12-10,179,1
7d151b1c-da48-4491-912c-280e1ec922a5,ACC-1011,2025-12-11,178,2
3d6916aa-a4f9-4ec0-90a7-4aa6db9d5ffe,ACC-1011,2025-12-12,174,0
2b1c00e0-5ac8-4b60-865d-ff85827cd568,ACC-1011,2025-12-13,182,1
cd38d15b-df2c-4f01-8f02-094a0f95d0a4,ACC-1011,2025-12-14,161,0
85a096cd-dc42-4d9d-ad04-83803c6de257,ACC-1011,2025-12-15,164,2
87a80f55-c53b-44a0-b3e0-9569fc171bd1,ACC-1011,2025-12-16,172,1
861ebe34-c5a4-4ca9-9cd0-be3470427214,ACC-1011,2025-12-17,155,0
051025f1-e3b9-41a9-a2cd-a0b6de15e182,ACC-1011,2025-12-18,172,2
a5114f43-92be-4841-8186-d3a1ea4c510f,ACC-1011,2025-12-19,186,2
3c6da2b6-725a-40ea-948b-e1843fb0de1a,ACC-1011,2025-12-20,183,1
566e595d-ff6e-4775-81bb-5f77ad3ded0b,ACC-1011,2025-12-21,157,0
0c58add0-b23d-4f9c-af4d-4761410c4ad8,ACC-1011,2025-12-22,173,1
0e49f64d-fe0c-4bae-be5e-6d92b59e85c9,ACC-1011,2025-12-23,170,1
92f805f0-a9c3-48c4-809e-e86387cb01a6,ACC-1011,2025-12-24,160,0
25b8010b-27a6-4925-af2a-bf5f3b668986,ACC-1011,2025-12-25,162,1
ad9264d4-4ba2-4647-9967-3eac6e192633,ACC-1011,2025-12-26,157,0
52ffb0cd-dbf3-43d3-885a-1a3a3a9bd3e6,ACC-1011,2025-12-27,167,0
142bab58-9654-412b-8d79-18025566ffee,ACC-1011,2025-12-28,173,2
e7cda133-9045-40e4-afdc-dcbb6c5409c3,ACC-1011,2025-12-29,155,0
cebdb86e-d6a3-4cea-9e60-3db87cc01924,ACC-1011,2025-12-30,181,1
da5274c8-5a9b-4b16-8d7e-25255c86e370,ACC-1012,2025-12-01,78,0
59408c75-76cb-4a52-a6e0-3825c732c01e,ACC-1012,2025-12-02,71,1
0bd8ab80-4a2d-4df9-9688-77ae4bca0a6c,ACC-1012,2025-12-03,72,2
832dc441-2316-4193-949d-5955b8c3b16c,ACC-1012,2025-12-04,67,2
5ed43e62-37ce-45aa-94e7-16f767b3baff,ACC-1012,2025-12-05,69,1
130fd943-8d4b-4e4b-8893-778b510eef20,ACC-1012,2025-12-06,68,2
481c5999-2bb6-422f-96c0-173eb21f52bf,ACC-1012,2025-12-07,77,1
6f63a732-1916-45fd-bef2-a6729a606964,ACC-1012,2025-12-08,71,0
4610c702-85fc-411f-9fd1-a9c566d477f4,ACC-1012,2025-12-09,72,2
95e2f106-dd90-474e-90de-d1eeb1538788,ACC-1012,2025-12-10,65,0
de3578a7-ec13-44ea-96a2-6af65f8e856e,ACC-1012,2025-12-11,72,1
5ccc13f5-79c7-4685-afce-0859c741c233,ACC-1012,2025-12-12,73,0
2a1a65da-aa95-4085-8bbc-bde4a1af91a2,ACC-1012,2025-12-13,67,2
9c2e61a1-24d3-45e1-b34d-2d28b843bd92,ACC-1012,2025-12-14,64,0
25715e0c-da16-4e96-820f-c82b5b02e6d1,ACC-1012,2025-12-15,69,2
34885293-e9a8-4d58-b231-1028167fc2ad,ACC-1012,2025-12-16,72,1
a568308b-26a4-4464-9801-9999b535776f,ACC-1012,2025-12-17,64,1
c5a6869d-1de7-46c5-9793-dee6a5fd116f,ACC-1012,2025-12-18,73,2
55706eb2-d654-41e1-ba61-a3836d1f6251,ACC-1012,2025-12-19,76,0
8bf9a921-c6f6-4bc8-8a34-feede4da8233,ACC-1012,2025-12-20,73,1
4e1c0322-abd6-4147-beb3-b161e3052348,ACC-1012,2025-12-21,75,2
ff8f600e-430f-473a-907e-d8ab6559d36b,ACC-1012,2025-12-22,72,0
f56731a5-ab64-47bd-83c4-357b0292f1de,ACC-1012,2025-12-23,69,2
5f94edc7-0311-4340-aa61-d63babf9b93b,ACC-1012,2025-12-24,67,0
93965372-c6ea-49fd-ac8c-d7fa871bc4a6,ACC-1012,2025-12-25,76,0
4b997658-6540-427e-b436-fe9adda2d9f2,ACC-1012,2025-12-26,64,0
2ae37385-4196-4f63-9642-99cf2ae797a0,ACC-1012,2025-12-27,75,2
f51d58d1-cc60-44cb-918a-f95904f03b8b,ACC-1012,2025-12-28,74,2
545940b3-d5b2-4319-8101-2ca3563f5232,ACC-1012,2025-12-29,76,1
61016841-0284-4b37-afc9-a932ac30777d,ACC-1012,2025-12-30,65,2
ae03828d-c643-48ca-ae88-b15c82372582,ACC-1013,2025-12-01,132,1
b9ee0d7a-356b-4b6c-966e-ec8560c9753e,ACC-1013,2025-12-02,127,1
7a0c8368-93a5-43dc-9835-b4f2c1f94522,ACC-1013,2025-12-03,125,2
4bbae4de-d78e-4f5a-9b50-bd12f1815171,ACC-1013,2025-12-04,115,1
1d07c9df-11fa-4054-b8e3-68fa40fb2214,ACC-1013,2025-12-05,132,2
1b2cf8a2-7431-4188-bd10-27ed89da3388,ACC-1013,2025-12-06,120,0
282cfb13-4b39-4352-81ff-f0e3a13c0ecf,ACC-1013,2025-12-07,120,2
6ec768eb-654e-4110-bf6a-945b543e28cb,ACC-1013,2025-12-08,135,2
a8fc481d-5983-4e64-89d4-67a943d9ef05,ACC-1013,2025-12-09,129,0
da63f42c-2c00-459c-841b-4215dacc5785,ACC-1013,2025-12-10,139,2
3c2e7696-26a6-4fee-b140-fed3c7a9e24e,ACC-1013,2025-12-11,135,2
34672857-c859-4d7c-b9e2-23d8f1c1510d,ACC-1013,2025-12-12,115,0
6366fc0a-7434-425e-ad52-a59ed2b5f84d,ACC-1013,2025-12-13,126,2
b5917c2c-393a-410f-8d63-92056952cb71,ACC-1013,2025-12-14,125,1
93cf1d32-903a-47bf-ad46-43ae7ff87267,ACC-1013,2025-12-15,118,2
e5fcb124-8cde-4b24-adbd-517097ed5c11,ACC-1013,2025-12-16,125,1
318fbd56-6c82-457b-b339-cf74138f7c05,ACC-1013,2025-12-17,138,1
89119eb8-7efb-4ad9-b9bb-d3fa1c098c90,ACC-1013,2025-12-18,123,1
1a5dc8ef-293e-4519-9fc4-686d3709eb87,ACC-1013,2025-12-19,122,0
360134f6-ac90-4652-be7d-b4d577ea7610,ACC-1013,2025-12-20,136,1
47e4a4ac-bd05-41d7-9f85-4fa810f1d456,ACC-1013,2025-12-21,124,1
f9b01126-6e3b-4d93-9b4a-1de52cffcf11,ACC-1013,2025-12-22,121,1
5a9d93d8-32df-46b3-bd32-458fc991fdf9,ACC-1013,2025-12-23,134,2
d33f3f34-ba4e-4927-bf96-2eefc5109c7a,ACC-1013,2025-12-24,115,0
3796af2a-ad62-4efe-9abb-b508be705bb3,ACC-1013,2025-12-25,122,1
841f194a-f6ff-451d-b100-79461fc9d1d9,ACC-1013,2025-12-26,117,1
5e8717cf-5491-41d4-9eaf-e6df3a5f13fd,ACC-1013,2025-12-27,136,0
6365216e-6d97-4d25-9640-8bc474fa1f18,ACC-1013,2025-12-28,131,2
4d79ed2b-94d6-4da6-b8d9-b1a181f49246,ACC-1013,2025-12-29,126,0
fd920708-1ff7-4f4b-8c85-5168b0c8bd73,ACC-1013,2025-12-30,119,1
3a1891da-583b-4bbc-951a-43cfa9b8d88e,ACC-1014,2025-12-01,181,0
440f705f-1feb-42bd-b346-4ca8a0b226ef,ACC-1014,2025-12-02,166,2
2938a342-70f5-4aec-b342-1571028a2c27,ACC-1014,2025-12-03,163,1
fa3df3b0-b83f-4916-acd0-e56109769a00,ACC-1014,2025-12-04,174,2
fa56a458-5fdf-4c5b-8082-26451b0bb3f8,ACC-1014,2025-12-05,176,0
08e6b486-a1eb-4dc6-9639-33d5b745bd80,ACC-1014,2025-12-06,193,2
d0923c67-1df7-4486-86d6-1592203c2aff,ACC-1014,2025-12-07,187,2
c2a01c32-fac7-4fe3-8c17-e621cd1f0031,ACC-1014,2025-12-08,164,2
79a8e3bb-0ebe-444a-ab02-44ca7c81d8b0,ACC-1014,2025-12-09,159,1
84b0b17d-cc39-4277-9857-543f2a22f836,ACC-1014,2025-12-10,162,0
7d868005-3a46-4fd7-9178-68d26f3fa537,ACC-1014,2025-12-11,175,0
5d57b622-9902-4093-b576-2da634ee0414,ACC-1014,2025-12-12,182,0
f93c9fb2-3c04-4348-b251-f6b8657fcbdb,ACC-1014,2025-12-13,176,2
6a9f5e73-30f6-47de-962a-46da7b530ef6,ACC-1014,2025-12-14,169,2
8853e121-bbf2-4df4-a912-fa32b8ddf028,ACC-1014,2025-12-15,168,1
db7ee10e-364d-4923-adf8-55a636e3af21,ACC-1014,2025-12-16,194,0
d98747ab-2b15-4a3e-8d81-7d0d0b86d823,ACC-1014,2025-12-17,175,0
409c36f5-d841-42da-9f52-e38c88e3273f,ACC-1014,2025-12-18,172,2
6d85ba68-2354-4084-a0ff-2b0f7c566f4e,ACC-1014,2025-12-19,177,0
fe38ada5-5987-48dc-852d-f2c2c0d57f11,ACC-1014,2025-12-20,189,1
afd36c80-699f-4e90-881b-af8e949895ec,ACC-1014,2025-12-21,186,1
665c5d82-972d-4153-99dc-bbfdd84967a4,ACC-1014,2025-12-22,171,2
1c1560ea-fdbd-4a64-855c-d2b515b2cf8b,ACC-1014,2025-12-23,168,0
25d0742e-2547-43ad-8512-4c86f9ac7ad4,ACC-1014,2025-12-24,169,1
de37655c-748e-48fb-a4a2-0cbd81ac6a38,ACC-1014,2025-12-25,188,2
6eb193b2-14bc-480e-8b75-b41bf84ac02c,ACC-1014,2025-12-26,194,1
d1ccfea7-fd12-48a5-8dfc-5393bcebfb17,ACC-1014,2025-12-27,189,1
d0c1ca14-9133-43f5-af73-e576afaa2cd2,ACC-1014,2025-12-28,178,1
00a96ced-33a5-402d-acc5-199965133f7a,ACC-1014,2025-12-29,171,2
ae84de87-a283-4c5e-9da2-4e83ab90d96a,ACC-1014,2025-12-30,172,1
71657243-c05e-4734-930c-fa5501b7b38b,ACC-1015,2025-12-01,107,0
0e897012-0223-4ba6-a502-58ab19031942,ACC-1015,2025-12-02,99,0
8942cace-08cf-45a6-b1a0-759170c426b3,ACC-1015,2025-12-03,104,1
21cb909a-4aa4-447e-bf2b-4c7c42cdbb25,ACC-1015,2025-12-04,89,2
a1a51d16-3c67-4087-8e90-fe84ec86e533,ACC-1015,2025-12-05,97,1
4ebeb1d1-f056-43b3-9e82-71523513d22a,ACC-1015,2025-12-06,95,2
2a226472-26ae-41f3-95a4-10ea91447b10,ACC-1015,2025-12-07,103,2
d0f50e1f-a47d-4260-81d8-e2425273fcf2,ACC-1015,2025-12-08,107,1
377404b7-314c-4762-9ca5-2d2b854ef9ae,ACC-1015,2025-12-09,107,0
408ef750-a509-47e6-9564-3654780668b1,ACC-1015,2025-12-10,98,2
3d7d1db2-c170-4942-b5be-f2612a95f1db,ACC-1015,2025-12-11,94,0
0a96b6e0-ef5a-45bc-baa4-ff0c59d16821,ACC-1015,2025-12-12,105,1
f7f3a140-33b0-40c3-b9a4-ed09ecf41331,ACC-1015,2025-12-13,90,1
b865f490-aa0c-443b-ad6e-0621b5ea13e4,ACC-1015,2025-12-14,88,0
09549049-241b-4f26-9f53-8fe7d260af37,ACC-1015,2025-12-15,96,2
49ca274a-7487-41ce-b44d-f65940718424,ACC-1015,2025-12-16,107,0
6d7d8fd5-ed0f-4221-b222-8973803b9405,ACC-1015,2025-12-17,97,1
86dc1700-2827-4e66-bc71-a703803370fd,ACC-1015,2025-12-18,94,2
88f55e41-2379-4934-9b44-8b31c1e442f4,ACC-1015,2025-12-19,95,0
16ff26b4-fedf-4fd8-92ba-cde3124af399,ACC-1015,2025-12-20,104,2
a18b0f44-6841-40f4-89c1-e2e8d017b768,ACC-1015,2025-12-21,105,1
9c155f99-4bd0-4a35-b93e-43f39ac6175e,ACC-1015,2025-12-22,106,2
f9620a6a-48f0-4b69-a711-2b6931c67497,ACC-1015,2025-12-23,102,1
3f5ff7bf-c382-427c-bc40-c74e9c1531a1,ACC-1015,2025-12-24,105,0
a2ca552e-9240-41c9-b01e-6898b534fffc,ACC-1015,2025-12-25,100,0
b5a90a32-c6b5-4541-93f3-5f34c7b92fc1,ACC-1015,2025-12-26,100,1
82788758-48b7-4e00-a93e-510ab8325196,ACC-1015,2025-12-27,107,2
d5d7a8a7-8b15-4de2-b176-af34da2debce,ACC-1015,2025-12-28,89,0
a04340f9-7220-4946-a8d7-90c9f9421763,ACC-1015,2025-12-29,103,2
ba521072-6f0a-4599-b4df-cdb939506647,ACC-1015,2025-12-30,105,1
3320a3c6-acf6-4a1f-9be3-80b4b8433ed5,ACC-1016,2025-12-01,95,0
6774c43a-c6d6-4797-bfa7-c798410ba51e,ACC-1016,2025-12-02,83,0
f4eb8c47-029e-4610-bf42-0f73a5919d7e,ACC-1016,2025-12-03,88,1
6c3bcde5-d646-4e91-a74a-4bed8eb4859b,ACC-1016,2025-12-04,90,0
a6bbb868-85a3-4f3b-aadd-4f380e77cb54,ACC-1016,2025-12-05,92,2
9538a288-30ed-400d-b22f-e8b9ab6a79f8,ACC-1016,2025-12-06,95,0
836f507f-855f-4661-8172-6837301057f0,ACC-1016,2025-12-07,85,0
d899320c-5e99-4c26-b56d-0d4349eab803,ACC-1016,2025-12-08,94,1
1b591ce5-9793-4a0e-94a3-4c058ff4dd75,ACC-1016,2025-12-09,94,0
7ca3865a-cf3c-454a-b3cf-e1c651b4a805,ACC-1016,2025-12-10,91,2
38097d11-427f-4e72-ba0d-39389ec54cbb,ACC-1016,2025-12-11,85,1
7b63ca9c-325a-4db9-8f28-5ea400d5536a,ACC-1016,2025-12-12,94,1
6e9f9a7f-1dac-4ad4-a8ec-a20e54e43737,ACC-1016,2025-12-13,87,0
178c1ffd-2a37-4b2a-a662-23535f862bc9,ACC-1016,2025-12-14,99,1
48339122-42cc-4ed8-8f9e-1c545a824e7e,ACC-1016,2025-12-15,99,2
73e4a496-c903-4d77-9d98-5e328c43ad5a,ACC-1016,2025-12-16,92,0
44507112-f431-4c02-bccb-a84eada0d783,ACC-1016,2025-12-17,90,1
92bd876b-22c6-4a74-92be-f627f724d38f,ACC-1016,2025-12-18,100,1
57cf93bd-7389-4424-bb90-155c1c8c4120,ACC-1016,2025-12-19,94,1
84a1c231-5c33-41e0-9b69-af341e2ff1ac,ACC-1016,2025-12-20,95,1
928d1cd3-1b09-490a-81cd-8689bd0de3e8,ACC-1016,2025-12-21,98,0
4df8db42-f913-4343-814d-bbb5b65c388a,ACC-1016,2025-12-22,101,1
fa1ff520-23e7-46b7-9c4c-f4d2583fb449,ACC-1016,2025-12-23,84,1
593c94f0-cf69-4614-bbad-dc6974364dea,ACC-1016,2025-12-24,93,2
ee11dd88-2497-408b-958f-3d2dfaa72caa,ACC-1016,2025-12-25,88,2
e2373921-7394-4fb4-9e27-88733ed60b87,ACC-1016,2025-12-26,88,2
dcd07816-61c7-4ffd-ae78-27feabf188db,ACC-1016,2025-12-27,90,0
1e176550-ce8d-4e13-8cab-bc09825b9990,ACC-1016,2025-12-28,93,2
59337cad-0467-48cf-97b3-c0dd39ac7fc2,ACC-1016,2025-12-29,97,0
658b849b-4de0-4f88-86ab-126537cbfc60,ACC-1016,2025-12-30,99,2
d832eecd-fa0c-4b19-b151-36ac983b02b2,ACC-1017,2025-12-01,188,1
2f7bbf59-d6c2-4b17-984f-2a1a448c6d39,ACC-1017,2025-12-02,186,0
a7280e10-0ab2-4b22-bc66-13e88c2c70ef,ACC-1017,2025-12-03,180,1
a924fecc-9b46-4ecb-a1d9-7ff10b1ff7ea,ACC-1017,2025-12-04,167,0
13b40f53-9596-466e-9dcd-6e7fc4981cfd,ACC-1017,2025-12-05,181,2
f97ed3ce-54bf-4cac-8148-4a0b06970eb7,ACC-1017,2025-12-06,186,2
d35f1689-18a5-403d-b7fa-99823780d419,ACC-1017,2025-12-07,183,0
405492c6-3a79-4d68-8ab5-0043df744814,ACC-1017,2025-12-08,181,2
0c3ab1ac-3815-437b-80a5-e833ecf1d29f,ACC-1017,2025-12-09,182,1
56504b0a-02ba-4b9e-b86b-3e579d2b83da,ACC-1017,2025-12-10,187,0
0c0d9ddd-b168-47f8-90e2-77a5c1ecf566,ACC-1017,2025-12-11,179,2
3e7ffdf2-e459-45ca-a8b7-fb8894e3561c,ACC-1017,2025-12-12,163,1
cbb30950-cca3-465f-ab9e-4ae9de5cdc1a,ACC-1017,2025-12-13,170,1
0dc481a9-2081-4f16-b5b7-949af71f7812,ACC-1017,2025-12-14,165,0
4545167b-d902-4f7d-896e-2b4ddc30a102,ACC-1017,2025-12-15,187,1
ad0c944e-f366-4253-9ee9-3ec57120524d,ACC-1017,2025-12-16,178,1
bd70d849-f020-455f-aa15-a49d3fab59c1,ACC-1017,2025-12-17,188,1
c1045843-8094-44e0-a8a2-74ff5cde86fa,ACC-1017,2025-12-18,191,1
8b3ff368-0710-4ebf-bc37-6795199a649f,ACC-1017,2025-12-19,193,1
13a79b4c-4d02-49ee-8526-eb36a64c324a,ACC-1017,2025-12-20,185,1
e768913b-3f6c-4d52-a05f-5a4274c5093b,ACC-1017,2025-12-21,187,1
33ee620c-a32f-4386-9ac8-04f2563dfe42,ACC-1017,2025-12-22,193,0
f4cadaa0-c833-4dfc-8a4b-14913f6212d5,ACC-1017,2025-12-23,185,0
2ce2fa3f-eda9-4f1f-b4e9-94c9679a0aeb,ACC-1017,2025-12-24,189,2
480bd2ba-b19b-408a-9fbd-72bb2ca7ef44,ACC-1017,2025-12-25,183,1
416f6085-c9f0-4aba-bd5b-8fabe9600bdd,ACC-1017,2025-12-26,193,2
f6573047-8e75-4c69-a8a8-e861659afa87,ACC-1017,2025-12-27,172,1
73b68d8c-9dc3-4b81-b1d5-5aebb9cc0e2c,ACC-1017,2025-12-28,159,2
66fbe04f-2ee7-4869-b357-6d45ba3db4bb,ACC-1017,2025-12-29,163,1
798112e6-b9cc-4fd6-8598-225ad120fa7a,ACC-1017,2025-12-30,183,2
6e60809c-0c0d-4be3-9057-cfbfea8deff9,ACC-1018,2025-12-01,118,2
f53011eb-f28d-47f3-8b48-3896ff137e40,ACC-1018,2025-12-02,127,0
f90f752c-9459-4647-865a-ceea3d6e7dcf,ACC-1018,2025-12-03,121,1
044045f7-2e1b-4920-a5ac-943d575977e0,ACC-1018,2025-12-04,105,2
02e2ec48-3e1b-4d77-8442-99a3f2104f64,ACC-1018,2025-12-05,112,2
cee9b9dc-8f46-44eb-be9e-28064d5f9b1a,ACC-1018,2025-12-06,110,0
c4baada2-c711-4d70-84eb-df921ed4927f,ACC-1018,2025-12-07,120,1
bda346d0-db6e-4408-b298-819914c53385,ACC-1018,2025-12-08,126,1
9322d40e-c3b8-47d6-b832-44b05177ad8c,ACC-1018,2025-12-09,120,0
1ea47f5d-d3f6-423d-9b52-973ef8887f3d,ACC-1018,2025-12-10,108,0
37922045-dec0-4f61-958d-bb186afba394,ACC-1018,2025-12-11,112,1
fd7a571d-528f-40f9-bddf-865e17a3eb06,ACC-1018,2025-12-12,108,0
37049ec8-19c6-4292-bb05-0171ade29762,ACC-1018,2025-12-13,126,0
e396759a-e970-423e-a2f3-781acaf4b841,ACC-1018,2025-12-14,114,1
e020d659-750c-425f-b53b-4fc00e71befa,ACC-1018,2025-12-15,120,2
e56d9ae7-aa73-4088-b5be-5fe73fc61449,ACC-1018,2025-12-16,121,2
1f75d5c1-0b96-4d3b-a436-184be30e2de5,ACC-1018,2025-12-17,115,2
950cee2e-c6e0-4fa6-8347-d02cc0110d67,ACC-1018,2025-12-18,122,1
4c3fb09b-5508-4e9e-bf67-99b7a1a12122,ACC-1018,2025-12-19,120,1
33f42e96-dbc7-45f2-90c0-6d9e8540477f,ACC-1018,2025-12-20,119,1
fca43c16-7479-4301-a7e8-e9ac9ef9e483,ACC-1018,2025-12-21,106,1
f1fabdbf-3b0e-4d6b-92a9-7084581e8686,ACC-1018,2025-12-22,110,1
d4a33646-69da-4b49-8f03-d37c1660c276,ACC-1018,2025-12-23,127,1
b5618375-ca4f-4ecf-b27b-f0611d2280e2,ACC-1018,2025-12-24,107,2
cc2cda9e-5c0f-4eea-9a7a-044ce0f9289a,ACC-1018,2025-12-25,113,2
885cf679-dbeb-4869-89f7-a5d9fdef676f,ACC-1018,2025-12-26,113,1
b02a3668-b34c-4ec0-8315-c6fe9863b1b3,ACC-1018,2025-12-27,111,0
bcc424ec-be3f-4522-be33-89113fbc9005,ACC-1018,2025-12-28,127,1
785483a7-12d7-4a04-9526-efec3db3d38d,ACC-1018,2025-12-29,107,0
dd66d1a3-0bce-495d-ba28-c1deed6d5faf,ACC-1018,2025-12-30,120,2
8814cc0b-2226-4cab-af0e-088a82ca0a2f,ACC-1019,2025-12-01,50,1
e47ae039-1428-43d2-88bc-18bc3b1c0cc8,ACC-1019,2025-12-02,52,0
a7ab2dc9-58fc-4219-9274-6e2f53aacb09,ACC-1019,2025-12-03,58,0
81f22a68-888a-4167-a3c6-ddc58df5ed2b,ACC-1019,2025-12-04,50,2
c8ade368-dd50-42b4-a2c4-ebce31968480,ACC-1019,2025-12-05,51,0
75602df1-c8ef-40e6-8fae-8a0784789d29,ACC-1019,2025-12-06,58,0
32c80b47-1fec-4682-9f79-3eb731560f1c,ACC-1019,2025-12-07,53,0
3492bc4b-5a9f-4dd7-9274-245c6fcd6c12,ACC-1019,2025-12-08,58,2
39cf49d9-7e5f-4d35-ad98-75dbd8b4a318,ACC-1019,2025-12-09,49,0
5776c615-05c2-4193-88b7-4ddfc846e53c,ACC-1019,2025-12-10,60,2
1aae6ccd-ff64-4127-944a-8bbbaff86532,ACC-1019,2025-12-11,52,0
c8958411-716c-48a7-ae42-5d7337b17e5e,ACC-1019,2025-12-12,50,0
7ce98d2a-0c97-48c9-bdfe-c1810c5b09ba,ACC-1019,2025-12-13,50,1
3a05cdcd-c65e-444f-9620-75bfdbaf3361,ACC-1019,2025-12-14,58,0
3dd1ec1b-e059-4ff5-bc42-2967db6e8ac0,ACC-1019,2025-12-15,55,0
0045f8b4-7bcc-4675-b08f-caed645b1d52,ACC-1019,2025-12-16,51,0
a5f68569-7f50-438a-917f-729b472601b9,ACC-1019,2025-12-17,50,1
310b2fcd-bc3e-4a95-a929-8f6ac09f9b86,ACC-1019,2025-12-18,55,2
e89c72f2-bd75-4c14-a62f-dca243dbe6a0,ACC-1019,2025-12-19,50,1
820c2c08-72bf-491e-baa2-2c69b1c26fdb,ACC-1019,2025-12-20,58,2
c2cdd49b-4866-4fc4-bb6f-9e635095f06d,ACC-1019,2025-12-21,56,1
e26954fe-64bf-4376-b591-bfd087f8a28f,ACC-1019,2025-12-22,55,2
913a24ec-71d3-4186-803e-247449980ced,ACC-1019,2025-12-23,49,2
472b3d78-bdfa-400c-ab25-97d8da2a47a4,ACC-1019,2025-12-24,55,1
fc444bb7-97d3-4118-bad8-2f6602b146e3,ACC-1019,2025-12-25,56,0
30ab7fb4-6408-446f-bd2c-83cc11d1dc60,ACC-1019,2025-12-26,50,1
36c41db0-fc6a-486f-84fe-a721b3078939,ACC-1019,2025-12-27,58,1
4086f85f-9c4b-4b5c-bb08-8d27e97422fb,ACC-1019,2025-12-28,57,1
47cd4cf8-dd43-41c0-8ca4-af7554a6261c,ACC-1019,2025-12-29,57,1
0fc9702d-0bb9-43ac-b3f2-aa9a0b3983d3,ACC-1019,2025-12-30,50,0
